Variable:,tas
,Vietnam,"An Giang","Ba Ria-Vung Tau","Bac Kan","Bac Giang","Bac Lieu","Bac Ninh","Ben Tre","Binh Dinh","Binh Duong","Binh Phuoc","Binh Thuan","Cao Bang","Ca Mau","Da Nang City","Dong Nai","Dong Thap","Gia Lai","Ha Giang","Ha Nam","Ha Noi City","Ha Tay","Ha Tinh","Hai Duong","Hai Phong City","Ho Chi Minh City","Hoa Binh","Hung Yen","Khanh Hoa","Kien Giang","Kon Tum","Lam Dong","Lang Son","Long An","Nam Dinh","Nghe An","Ninh Binh","Ninh Thuan","Phu Tho","Phu Yen","Quang Binh","Quang Nam","Quang Ngai","Quang Ninh","Quang Tri","Soc Trang","Son La","Tay Ninh","Thai Binh","Thai Nguyen","Thanh Hoa","Thua Thien - Hue","Tien Giang","Tra Vinh","Tuyen Quang","Vinh Long","Vinh Phuc","Yen Bai","Can Tho city","Dak Lak","Dak Nong","Dien Bien","Hau Giang","Lai Chau","Lao Cai"
1901,24.30,27.57,26.66,22.19,23.31,27.63,23.93,27.61,25.22,27.12,26.02,25.48,21.08,27.58,25.01,26.60,27.58,24.07,21.73,24.42,24.29,24.47,24.81,24.10,24.00,27.35,23.96,24.27,24.29,27.54,22.32,22.91,22.21,27.58,24.65,23.94,24.69,24.28,24.61,25.42,24.34,23.74,24.90,22.80,24.34,27.70,23.15,27.28,24.38,23.58,24.32,24.06,27.60,27.69,24.03,27.63,24.42,23.77,27.55,23.82,23.33,22.71,27.70,21.96,23.17
1902,24.37,27.60,26.68,22.39,23.57,27.64,24.14,27.63,25.27,27.14,26.04,25.49,21.33,27.60,25.10,26.62,27.61,24.10,21.83,24.54,24.43,24.58,24.91,24.28,24.26,27.38,24.04,24.42,24.30,27.56,22.35,22.93,22.51,27.60,24.78,24.01,24.79,24.29,24.70,25.45,24.43,23.81,24.97,23.18,24.43,27.72,23.18,27.31,24.55,23.77,24.41,24.16,27.62,27.72,24.16,27.66,24.56,23.82,27.58,23.84,23.35,22.65,27.72,21.91,23.19
1903,24.18,27.38,26.54,22.07,23.16,27.49,23.81,27.48,25.15,26.98,25.88,25.40,20.94,27.43,24.90,26.48,27.41,23.97,21.66,24.32,24.19,24.38,24.64,23.97,23.85,27.23,23.87,24.16,24.23,27.36,22.20,22.82,22.04,27.42,24.52,23.76,24.59,24.23,24.55,25.36,24.18,23.63,24.81,22.62,24.20,27.57,23.04,27.11,24.25,23.47,24.22,23.94,27.46,27.57,23.96,27.48,24.33,23.71,27.39,23.72,23.20,22.59,27.56,21.89,23.14
1904,24.11,27.19,26.44,22.05,23.14,27.34,23.77,27.35,25.10,26.82,25.73,25.32,20.94,27.27,24.85,26.36,27.22,23.88,21.65,24.27,24.14,24.33,24.57,23.94,23.82,27.08,23.83,24.12,24.17,27.18,22.09,22.74,22.03,27.25,24.48,23.70,24.56,24.16,24.51,25.30,24.09,23.55,24.75,22.60,24.10,27.43,23.01,26.93,24.21,23.44,24.17,23.86,27.31,27.43,23.92,27.32,24.28,23.68,27.20,23.63,23.10,22.53,27.40,21.84,23.11
1905,24.56,28.32,27.08,22.12,23.27,28.20,23.92,28.14,25.41,27.70,26.60,25.82,20.96,28.17,25.18,27.08,28.28,24.45,21.69,24.46,24.29,24.50,25.17,24.10,23.97,27.90,24.03,24.29,24.50,28.26,22.71,23.28,22.10,28.20,24.69,24.26,24.76,24.51,24.66,25.65,24.72,24.01,25.07,22.69,24.69,28.24,23.28,27.96,24.40,23.55,24.47,24.35,28.17,28.21,24.02,28.24,24.43,23.82,28.22,24.21,23.79,22.78,28.31,21.96,23.18
1906,24.57,28.31,27.08,22.14,23.31,28.20,23.96,28.14,25.42,27.71,26.59,25.81,20.99,28.17,25.20,27.08,28.27,24.44,21.72,24.49,24.33,24.53,25.16,24.14,24.01,27.89,24.05,24.33,24.51,28.26,22.70,23.26,22.15,28.19,24.72,24.27,24.78,24.50,24.69,25.65,24.71,24.02,25.08,22.73,24.70,28.23,23.29,27.96,24.43,23.58,24.49,24.35,28.17,28.20,24.05,28.23,24.47,23.84,28.22,24.20,23.79,22.80,28.30,21.99,23.20
1907,24.22,27.37,26.55,22.19,23.32,27.49,23.94,27.49,25.17,26.96,25.87,25.40,21.07,27.43,24.95,26.48,27.39,23.98,21.72,24.39,24.27,24.44,24.71,24.09,23.99,27.23,23.93,24.26,24.24,27.35,22.21,22.83,22.22,27.41,24.61,23.83,24.65,24.23,24.59,25.37,24.23,23.66,24.84,22.83,24.25,27.57,23.09,27.10,24.36,23.57,24.27,24.00,27.47,27.59,24.02,27.48,24.41,23.75,27.37,23.73,23.22,22.60,27.54,21.89,23.15
1908,24.22,27.45,26.58,22.11,23.21,27.54,23.85,27.54,25.18,27.02,25.93,25.43,20.98,27.48,24.94,26.53,27.47,24.01,21.68,24.33,24.19,24.39,24.71,24.00,23.88,27.28,23.90,24.18,24.25,27.43,22.23,22.85,22.10,27.47,24.54,23.84,24.60,24.24,24.56,25.38,24.24,23.66,24.84,22.68,24.25,27.62,23.08,27.17,24.28,23.49,24.26,23.98,27.52,27.63,23.98,27.54,24.34,23.73,27.45,23.76,23.25,22.62,27.60,21.90,23.14
1909,24.29,27.46,26.61,22.27,23.40,27.55,24.00,27.55,25.22,27.03,25.94,25.44,21.17,27.49,25.01,26.55,27.48,24.04,21.77,24.44,24.32,24.48,24.78,24.17,24.09,27.29,23.96,24.32,24.27,27.44,22.27,22.87,22.32,27.49,24.68,23.90,24.71,24.26,24.63,25.40,24.31,23.72,24.89,22.95,24.32,27.63,23.13,27.19,24.44,23.65,24.33,24.05,27.53,27.65,24.07,27.55,24.46,23.79,27.45,23.78,23.28,22.66,27.60,21.95,23.18
1910,24.20,27.36,26.54,22.15,23.27,27.46,23.89,27.47,25.16,26.94,25.85,25.38,21.03,27.40,24.94,26.46,27.39,23.96,21.70,24.36,24.24,24.42,24.67,24.04,23.94,27.19,23.90,24.21,24.24,27.33,22.19,22.81,22.16,27.39,24.58,23.79,24.63,24.22,24.57,25.37,24.20,23.64,24.84,22.75,24.22,27.54,23.06,27.09,24.31,23.53,24.25,23.97,27.44,27.55,23.99,27.46,24.37,23.74,27.36,23.71,23.20,22.59,27.51,21.89,23.15
1911,24.40,27.87,26.83,22.18,23.32,27.90,23.95,27.84,25.29,27.34,26.24,25.60,21.05,27.87,25.08,26.78,27.87,24.21,21.73,24.44,24.29,24.49,24.95,24.12,24.02,27.57,23.99,24.30,24.37,27.85,22.46,23.05,22.20,27.83,24.68,24.07,24.72,24.37,24.65,25.52,24.48,23.84,24.96,22.80,24.48,27.95,23.19,27.54,24.41,23.59,24.39,24.17,27.84,27.93,24.04,27.89,24.43,23.80,27.84,23.96,23.50,22.69,27.97,21.92,23.18
1912,24.31,27.73,26.75,22.09,23.20,27.82,23.84,27.74,25.23,27.21,26.10,25.54,20.93,27.79,24.98,26.68,27.73,24.12,21.64,24.36,24.21,24.41,24.79,24.01,23.89,27.46,23.91,24.20,24.32,27.74,22.34,22.97,22.07,27.70,24.58,23.90,24.64,24.31,24.56,25.45,24.32,23.74,24.90,22.66,24.34,27.88,23.10,27.39,24.30,23.49,24.28,24.05,27.73,27.87,23.95,27.77,24.35,23.72,27.71,23.88,23.39,22.62,27.90,21.89,23.13
1913,24.16,27.42,26.54,22.00,23.08,27.63,23.73,27.54,25.14,26.94,25.82,25.38,20.84,27.61,24.88,26.45,27.44,23.94,21.58,24.24,24.11,24.30,24.63,23.89,23.78,27.21,23.82,24.07,24.22,27.45,22.17,22.79,21.96,27.43,24.47,23.76,24.53,24.20,24.48,25.35,24.15,23.61,24.80,22.54,24.17,27.68,23.04,27.07,24.18,23.39,24.20,23.91,27.50,27.67,23.87,27.54,24.25,23.67,27.44,23.69,23.18,22.56,27.65,21.85,23.08
1914,24.38,27.68,26.71,22.40,23.56,27.84,24.14,27.72,25.26,27.15,26.05,25.50,21.33,27.81,25.09,26.64,27.68,24.10,21.86,24.55,24.43,24.59,24.90,24.29,24.23,27.42,24.04,24.43,24.29,27.70,22.35,22.92,22.49,27.64,24.79,23.99,24.80,24.28,24.72,25.43,24.43,23.81,24.96,23.13,24.44,27.87,23.17,27.32,24.55,23.77,24.41,24.17,27.70,27.84,24.16,27.75,24.56,23.84,27.68,23.84,23.34,22.64,27.87,21.91,23.21
1915,24.28,27.44,26.56,22.38,23.52,27.66,24.09,27.55,25.19,26.94,25.84,25.38,21.31,27.64,25.03,26.46,27.45,23.97,21.85,24.50,24.38,24.55,24.77,24.23,24.19,27.21,23.99,24.38,24.22,27.46,22.22,22.79,22.46,27.42,24.73,23.88,24.75,24.21,24.67,25.36,24.31,23.72,24.89,23.10,24.30,27.70,23.12,27.07,24.49,23.74,24.34,24.05,27.52,27.69,24.14,27.56,24.51,23.82,27.47,23.69,23.17,22.64,27.67,21.94,23.21
1916,24.17,27.17,26.40,22.25,23.29,27.47,23.92,27.36,25.06,26.73,25.63,25.25,21.14,27.45,24.83,26.28,27.19,23.81,21.90,24.37,24.27,24.45,24.55,24.06,23.92,27.03,23.93,24.23,24.13,27.21,22.03,22.66,22.21,27.20,24.56,23.78,24.61,24.11,24.65,25.26,24.05,23.51,24.73,22.75,24.06,27.51,23.22,26.82,24.31,23.62,24.25,23.83,27.31,27.51,24.14,27.34,24.42,23.90,27.23,23.55,23.00,22.83,27.45,22.19,23.40
1917,24.06,27.14,26.39,22.01,23.05,27.40,23.71,27.34,25.05,26.72,25.64,25.26,20.86,27.36,24.76,26.29,27.17,23.82,21.61,24.20,24.10,24.29,24.48,23.85,23.69,27.03,23.80,24.04,24.14,27.17,22.01,22.67,21.93,27.19,24.39,23.68,24.47,24.12,24.48,25.26,23.97,23.46,24.70,22.44,24.00,27.47,23.01,26.82,24.11,23.40,24.15,23.77,27.30,27.45,23.89,27.32,24.25,23.65,27.19,23.57,23.01,22.58,27.43,21.88,23.07
1918,24.25,27.50,26.63,22.14,23.22,27.58,23.85,27.57,25.18,27.07,25.98,25.44,21.00,27.52,24.92,26.56,27.52,24.03,21.71,24.35,24.23,24.42,24.74,23.99,23.88,27.32,23.90,24.18,24.26,27.48,22.25,22.88,22.10,27.52,24.56,23.89,24.62,24.26,24.58,25.40,24.26,23.66,24.83,22.65,24.27,27.65,23.13,27.23,24.27,23.52,24.27,24.00,27.55,27.65,24.00,27.57,24.37,23.76,27.48,23.78,23.29,22.68,27.64,21.96,23.19
1919,24.40,27.66,26.69,22.36,23.43,27.80,24.05,27.68,25.23,27.14,26.03,25.49,21.26,27.78,25.01,26.61,27.66,24.07,22.01,24.50,24.42,24.57,24.84,24.20,24.09,27.39,24.05,24.37,24.30,27.67,22.32,22.92,22.35,27.62,24.70,24.01,24.76,24.30,24.76,25.43,24.35,23.74,24.89,22.91,24.36,27.84,23.39,27.30,24.45,23.73,24.40,24.07,27.67,27.82,24.23,27.72,24.56,24.04,27.67,23.82,23.33,23.05,27.83,22.36,23.53
1920,24.29,27.52,26.61,22.27,23.33,27.68,23.96,27.59,25.17,27.03,25.92,25.42,21.15,27.65,24.95,26.53,27.53,24.00,21.86,24.42,24.33,24.50,24.73,24.10,23.99,27.28,23.98,24.27,24.24,27.53,22.22,22.84,22.23,27.52,24.61,23.90,24.67,24.23,24.68,25.37,24.25,23.67,24.84,22.78,24.26,27.73,23.23,27.17,24.35,23.64,24.33,23.99,27.56,27.72,24.13,27.60,24.48,23.88,27.52,23.74,23.24,22.82,27.72,22.12,23.32
1921,24.28,27.13,26.37,22.55,23.59,27.42,24.22,27.33,25.08,26.69,25.59,25.24,21.43,27.40,24.87,26.25,27.16,23.79,22.15,24.63,24.56,24.72,24.80,24.34,24.20,27.00,24.19,24.50,24.13,27.17,22.02,22.64,22.50,27.16,24.81,24.01,24.86,24.12,24.92,25.26,24.25,23.53,24.75,23.04,24.18,27.48,23.44,26.79,24.58,23.90,24.49,23.90,27.28,27.47,24.40,27.31,24.71,24.13,27.19,23.53,22.98,23.01,27.44,22.33,23.57
1922,24.50,27.32,26.50,22.80,23.86,27.54,24.49,27.47,25.24,26.86,25.76,25.34,21.67,27.52,25.15,26.40,27.34,24.04,22.36,24.93,24.85,25.02,25.10,24.63,24.51,27.13,24.47,24.80,24.21,27.35,22.34,22.75,22.76,27.33,25.12,24.30,25.17,24.19,25.19,25.38,24.57,23.82,24.95,23.31,24.51,27.59,23.68,26.98,24.88,24.18,24.80,24.21,27.43,27.57,24.65,27.45,25.00,24.37,27.35,23.70,23.14,23.25,27.57,22.57,23.81
1923,24.50,27.07,26.35,22.98,24.05,27.39,24.67,27.30,25.22,26.66,25.55,25.21,21.88,27.35,25.19,26.22,27.09,23.98,22.56,25.06,25.00,25.15,25.13,24.79,24.69,26.95,24.58,24.94,24.14,27.13,22.29,22.63,22.96,27.12,25.27,24.32,25.29,24.10,25.33,25.34,24.58,23.83,24.96,23.54,24.51,27.44,23.76,26.73,25.03,24.34,24.87,24.22,27.24,27.43,24.82,27.25,25.14,24.51,27.13,23.59,22.98,23.30,27.39,22.67,23.96
1924,24.48,27.23,26.43,22.83,23.89,27.46,24.52,27.40,25.23,26.80,25.70,25.30,21.71,27.42,25.13,26.35,27.25,24.02,22.42,24.95,24.88,25.03,25.10,24.65,24.54,27.08,24.49,24.81,24.19,27.25,22.31,22.71,22.80,27.26,25.15,24.29,25.20,24.15,25.22,25.37,24.55,23.80,24.93,23.34,24.47,27.51,23.69,26.91,24.90,24.21,24.80,24.18,27.36,27.50,24.70,27.37,25.02,24.41,27.26,23.67,23.10,23.26,27.48,22.60,23.86
1925,24.15,27.25,26.45,22.12,23.20,27.47,23.82,27.40,25.12,26.81,25.71,25.31,21.00,27.43,24.83,26.36,27.27,23.91,21.69,24.29,24.19,24.36,24.63,23.97,23.87,27.10,23.85,24.14,24.18,27.27,22.14,22.72,22.10,27.28,24.49,23.79,24.55,24.16,24.54,25.32,24.14,23.58,24.77,22.68,24.14,27.54,23.07,26.91,24.23,23.50,24.20,23.87,27.36,27.54,23.96,27.38,24.33,23.72,27.29,23.63,23.08,22.61,27.51,21.90,23.13
1926,24.52,27.61,26.67,22.70,23.72,27.75,24.35,27.65,25.23,27.11,26.01,25.48,21.58,27.71,25.03,26.60,27.60,24.08,22.29,24.81,24.73,24.90,25.02,24.49,24.36,27.36,24.38,24.66,24.29,27.62,22.33,22.90,22.64,27.59,25.00,24.24,25.05,24.27,25.10,25.43,24.47,23.75,24.90,23.16,24.42,27.79,23.65,27.27,24.74,24.06,24.70,24.10,27.64,27.76,24.55,27.68,24.88,24.31,27.61,23.81,23.31,23.24,27.78,22.55,23.76
1927,24.41,27.31,26.50,22.65,23.69,27.54,24.31,27.46,25.19,26.86,25.76,25.34,21.54,27.50,25.00,26.40,27.33,24.00,22.24,24.75,24.68,24.85,24.92,24.45,24.33,27.14,24.31,24.62,24.20,27.34,22.26,22.75,22.60,27.34,24.94,24.14,24.99,24.17,25.03,25.38,24.41,23.71,24.86,23.12,24.36,27.59,23.55,26.98,24.69,24.00,24.62,24.06,27.42,27.57,24.50,27.45,24.83,24.24,27.35,23.69,23.13,23.12,27.55,22.44,23.69
1928,24.51,27.34,26.54,22.75,23.82,27.55,24.45,27.48,25.28,26.93,25.86,25.40,21.61,27.51,25.16,26.45,27.36,24.08,22.34,24.90,24.82,25.00,25.05,24.60,24.48,27.17,24.46,24.78,24.28,27.36,22.34,22.85,22.70,27.38,25.10,24.26,25.09,24.26,25.18,25.44,24.55,23.84,24.99,23.27,24.51,27.60,23.68,27.06,24.86,24.13,24.72,24.21,27.45,27.59,24.61,27.47,24.96,24.38,27.37,23.79,23.24,23.25,27.58,22.56,23.80
1929,24.52,27.23,26.49,22.76,23.85,27.46,24.49,27.38,25.34,26.87,25.82,25.38,21.62,27.41,25.23,26.40,27.25,24.12,22.34,24.95,24.86,25.03,25.12,24.64,24.52,27.10,24.50,24.82,24.32,27.25,22.39,22.84,22.74,27.27,25.17,24.31,25.17,24.27,25.22,25.50,24.60,23.90,25.05,23.32,24.57,27.50,23.70,26.97,24.91,24.15,24.79,24.27,27.35,27.49,24.64,27.37,25.01,24.39,27.27,23.81,23.23,23.27,27.46,22.57,23.80
1930,24.37,27.35,26.51,22.51,23.58,27.58,24.21,27.48,25.13,26.90,25.81,25.37,21.39,27.55,24.98,26.43,27.37,23.96,22.07,24.68,24.57,24.75,24.92,24.36,24.25,27.17,24.23,24.54,24.21,27.38,22.21,22.80,22.49,27.36,24.88,24.09,24.92,24.22,24.92,25.33,24.39,23.68,24.82,23.07,24.35,27.64,23.46,27.03,24.63,23.88,24.54,24.05,27.44,27.62,24.35,27.48,24.71,24.13,27.38,23.70,23.18,23.03,27.61,22.31,23.54
1931,24.71,27.49,26.61,23.01,24.05,27.68,24.69,27.57,25.44,27.03,25.96,25.46,21.89,27.65,25.38,26.55,27.49,24.23,22.62,25.16,25.05,25.24,25.36,24.84,24.72,27.28,24.77,25.02,24.36,27.52,22.54,22.92,22.95,27.49,25.39,24.56,25.44,24.30,25.47,25.56,24.83,24.06,25.18,23.50,24.76,27.73,23.98,27.18,25.11,24.38,25.06,24.45,27.54,27.70,24.90,27.58,25.22,24.64,27.50,23.88,23.33,23.53,27.71,22.82,24.05
1932,24.36,27.59,26.65,22.35,23.41,27.64,24.04,27.62,25.12,27.10,25.96,25.44,21.25,27.60,24.99,26.58,27.59,23.98,21.98,24.52,24.41,24.59,24.88,24.19,24.08,27.35,24.11,24.37,24.20,27.56,22.25,22.86,22.32,27.57,24.72,24.04,24.78,24.23,24.81,25.31,24.38,23.70,24.84,22.90,24.35,27.71,23.38,27.25,24.46,23.72,24.45,24.05,27.60,27.70,24.25,27.63,24.56,24.01,27.56,23.73,23.25,22.97,27.72,22.25,23.44
1933,24.55,27.69,26.72,22.77,23.73,27.73,24.35,27.70,25.28,27.19,26.07,25.51,21.70,27.69,25.16,26.67,27.70,24.11,22.33,24.81,24.78,24.93,25.04,24.48,24.36,27.43,24.40,24.67,24.28,27.66,22.38,22.93,22.76,27.68,24.99,24.21,25.02,24.28,25.10,25.43,24.54,23.85,24.99,23.26,24.51,27.79,23.61,27.37,24.74,24.12,24.67,24.21,27.70,27.78,24.58,27.73,24.92,24.30,27.67,23.83,23.35,23.20,27.80,22.53,23.76
1934,24.24,27.52,26.61,22.28,23.24,27.60,23.87,27.58,24.96,27.04,25.90,25.40,21.19,27.56,24.74,26.53,27.53,23.85,21.92,24.33,24.30,24.45,24.67,23.99,23.88,27.29,23.95,24.18,24.13,27.50,22.07,22.79,22.20,27.52,24.52,23.86,24.58,24.17,24.70,25.19,24.15,23.48,24.63,22.72,24.11,27.66,23.28,27.19,24.26,23.62,24.27,23.81,27.56,27.66,24.14,27.58,24.46,23.93,27.50,23.65,23.18,22.88,27.66,22.20,23.39
1935,24.71,27.98,26.89,22.84,23.89,27.94,24.51,27.91,25.49,27.44,26.31,25.64,21.73,27.89,25.37,26.86,27.96,24.32,22.37,24.98,24.89,25.06,25.25,24.67,24.54,27.66,24.53,24.85,24.42,27.94,22.61,23.08,22.84,27.92,25.17,24.41,25.22,24.38,25.21,25.63,24.75,24.07,25.20,23.39,24.73,27.99,23.71,27.65,24.93,24.21,24.87,24.44,27.92,27.97,24.65,27.97,25.03,24.37,27.92,24.00,23.54,23.27,28.02,22.57,23.80
1936,24.21,27.68,26.69,22.00,23.11,27.75,23.75,27.69,25.07,27.15,26.03,25.47,20.88,27.71,24.83,26.63,27.68,23.96,21.57,24.24,24.09,24.28,24.67,23.92,23.80,27.40,23.78,24.09,24.22,27.67,22.18,22.89,22.01,27.66,24.46,23.81,24.51,24.25,24.45,25.31,24.20,23.59,24.73,22.59,24.20,27.81,23.02,27.33,24.19,23.38,24.18,23.92,27.68,27.79,23.86,27.72,24.23,23.63,27.66,23.76,23.29,22.58,27.82,21.84,23.05
1937,24.55,27.57,26.66,22.72,23.83,27.67,24.44,27.62,25.38,27.10,26.02,25.48,21.62,27.63,25.27,26.60,27.57,24.17,22.26,24.89,24.77,24.94,25.13,24.58,24.49,27.33,24.43,24.74,24.34,27.55,22.45,22.93,22.73,27.56,25.11,24.29,25.17,24.31,25.10,25.52,24.61,23.95,25.10,23.32,24.58,27.73,23.57,27.26,24.85,24.09,24.77,24.32,27.60,27.72,24.53,27.64,24.91,24.26,27.56,23.85,23.34,23.13,27.73,22.44,23.68
1938,24.18,27.25,26.44,22.41,23.51,27.47,24.07,27.39,25.04,26.80,25.69,25.27,21.32,27.43,24.85,26.33,27.27,23.85,21.92,24.37,24.28,24.41,24.58,24.19,24.16,27.08,23.87,24.29,24.13,27.27,22.08,22.67,22.43,27.26,24.55,23.73,24.60,24.13,24.57,25.25,24.09,23.53,24.72,23.02,24.10,27.53,23.09,26.92,24.39,23.73,24.22,23.87,27.35,27.52,24.14,27.39,24.41,23.79,27.28,23.58,23.05,22.69,27.49,21.99,23.24
1939,24.13,27.31,26.45,22.27,23.33,27.44,23.87,27.40,25.03,26.88,25.76,25.29,21.19,27.42,24.80,26.37,27.33,23.86,21.77,24.26,24.14,24.31,24.48,24.04,24.04,27.12,23.75,24.17,24.14,27.31,22.08,22.71,22.30,27.33,24.46,23.62,24.47,24.13,24.46,25.27,24.05,23.51,24.71,22.88,24.07,27.51,22.96,27.01,24.28,23.56,24.09,23.82,27.38,27.50,23.97,27.41,24.28,23.65,27.31,23.62,23.10,22.53,27.50,21.83,23.09
1940,24.46,27.79,26.85,22.47,23.57,27.91,24.10,27.82,25.37,27.32,26.23,25.65,21.40,27.87,25.21,26.81,27.79,24.24,21.91,24.55,24.42,24.58,24.89,24.29,24.32,27.56,24.06,24.44,24.44,27.78,22.48,23.10,22.55,27.78,24.76,23.98,24.79,24.42,24.69,25.56,24.50,23.89,25.06,23.16,24.50,27.97,23.20,27.50,24.56,23.79,24.44,24.22,27.81,27.95,24.15,27.85,24.55,23.83,27.78,24.01,23.54,22.72,27.98,21.94,23.24
1941,24.95,28.49,27.38,22.71,23.84,28.48,24.44,28.42,25.79,27.96,26.86,26.10,21.58,28.44,25.71,27.37,28.48,24.73,22.27,24.99,24.85,25.04,25.59,24.61,24.55,28.17,24.56,24.80,24.80,28.46,22.99,23.57,22.71,28.44,25.18,24.64,25.29,24.79,25.14,25.96,25.16,24.43,25.54,23.34,25.12,28.52,23.70,28.19,24.90,24.11,24.98,24.81,28.42,28.50,24.56,28.48,24.97,24.27,28.44,24.49,24.07,23.22,28.57,22.44,23.65
1942,24.61,27.49,26.63,22.83,23.89,27.58,24.52,27.57,25.37,27.09,26.02,25.48,21.71,27.52,25.27,26.58,27.51,24.19,22.49,24.99,24.90,25.08,25.17,24.67,24.56,27.31,24.56,24.85,24.33,27.47,22.47,22.93,22.78,27.52,25.20,24.36,25.21,24.30,25.27,25.52,24.65,23.95,25.09,23.35,24.62,27.65,23.79,27.24,24.94,24.21,24.83,24.33,27.55,27.67,24.71,27.58,25.04,24.47,27.49,23.88,23.35,23.41,27.63,22.76,23.96
1943,24.38,27.21,26.45,22.65,23.67,27.35,24.29,27.36,25.20,26.83,25.74,25.32,21.54,27.28,25.06,26.37,27.24,24.00,22.23,24.71,24.63,24.80,24.91,24.41,24.31,27.10,24.26,24.57,24.20,27.19,22.27,22.74,22.62,27.27,24.90,24.08,24.93,24.18,24.99,25.37,24.42,23.75,24.90,23.17,24.39,27.44,23.47,26.95,24.65,23.99,24.56,24.12,27.33,27.45,24.48,27.33,24.78,24.18,27.22,23.67,23.12,23.04,27.41,22.39,23.64
1944,24.31,27.61,26.68,22.13,23.23,27.67,23.86,27.65,25.23,27.15,26.06,25.50,21.00,27.62,25.06,26.63,27.62,24.11,21.70,24.36,24.22,24.41,24.85,24.03,23.93,27.40,23.92,24.21,24.30,27.58,22.36,22.94,22.11,27.62,24.59,23.96,24.64,24.28,24.57,25.44,24.39,23.78,24.91,22.70,24.41,27.73,23.15,27.32,24.31,23.51,24.32,24.12,27.64,27.75,23.98,27.67,24.36,23.76,27.59,23.86,23.37,22.72,27.73,21.98,23.17
1945,24.35,27.66,26.69,22.32,23.31,27.71,23.95,27.67,25.16,27.19,26.10,25.52,21.21,27.66,24.85,26.65,27.66,24.06,21.98,24.42,24.33,24.52,24.75,24.08,23.94,27.43,23.99,24.27,24.31,27.62,22.26,22.95,22.22,27.65,24.61,23.94,24.67,24.32,24.72,25.42,24.23,23.62,24.79,22.74,24.22,27.77,23.28,27.36,24.34,23.65,24.34,23.93,27.67,27.77,24.20,27.70,24.48,23.96,27.63,23.86,23.38,22.87,27.78,22.20,23.44
1946,24.74,27.72,26.78,23.13,24.08,27.78,24.69,27.76,25.39,27.24,26.14,25.59,22.06,27.73,25.27,26.72,27.73,24.24,22.76,25.10,25.06,25.21,25.27,24.81,24.69,27.48,24.63,24.97,24.38,27.69,22.54,23.02,23.08,27.70,25.27,24.47,25.34,24.37,25.42,25.55,24.75,24.01,25.10,23.58,24.70,27.84,23.80,27.43,25.04,24.45,24.93,24.39,27.74,27.84,24.99,27.77,25.22,24.62,27.70,23.94,23.45,23.39,27.85,22.77,24.08
1947,24.51,27.92,26.93,22.35,23.39,27.96,24.05,27.92,25.31,27.43,26.31,25.71,21.23,27.91,25.07,26.88,27.92,24.23,22.03,24.58,24.49,24.68,24.93,24.16,23.99,27.66,24.20,24.36,24.43,27.89,22.46,23.13,22.26,27.90,24.81,24.11,24.91,24.45,24.89,25.54,24.46,23.85,24.97,22.78,24.46,28.02,23.44,27.60,24.46,23.77,24.55,24.17,27.92,28.02,24.30,27.96,24.65,24.08,27.89,24.01,23.56,23.02,28.03,22.31,23.50
1948,24.38,27.53,26.60,22.42,23.51,27.67,24.13,27.58,25.24,27.06,25.98,25.44,21.30,27.62,25.06,26.55,27.54,24.09,21.98,24.59,24.53,24.67,24.91,24.27,24.19,27.31,24.14,24.44,24.30,27.53,22.34,22.89,22.41,27.53,24.82,24.03,24.86,24.26,24.82,25.43,24.41,23.78,24.92,23.01,24.40,27.71,23.33,27.23,24.54,23.82,24.48,24.13,27.56,27.67,24.27,27.60,24.66,24.00,27.53,23.82,23.31,22.84,27.69,22.13,23.40
1949,24.51,27.57,26.66,22.64,23.76,27.71,24.34,27.64,25.42,27.12,26.05,25.52,21.52,27.68,25.28,26.61,27.58,24.23,22.12,24.75,24.65,24.81,25.03,24.47,24.44,27.36,24.25,24.62,24.40,27.58,22.50,22.98,22.67,27.57,24.99,24.14,25.01,24.36,24.94,25.57,24.56,23.97,25.14,23.27,24.57,27.75,23.40,27.28,24.74,24.00,24.61,24.32,27.61,27.74,24.40,27.65,24.79,24.10,27.57,23.94,23.41,22.92,27.74,22.22,23.52
1950,24.23,27.41,26.57,22.16,23.25,27.54,23.84,27.52,25.22,26.99,25.89,25.44,21.02,27.50,24.99,26.50,27.43,24.04,21.64,24.32,24.17,24.36,24.75,24.02,23.97,27.25,23.84,24.19,24.27,27.41,22.27,22.85,22.18,27.44,24.54,23.87,24.58,24.27,24.52,25.41,24.27,23.69,24.87,22.79,24.29,27.62,23.06,27.13,24.30,23.54,24.25,24.01,27.49,27.62,23.94,27.52,24.31,23.70,27.42,23.76,23.23,22.59,27.60,21.87,23.10
1951,24.17,27.45,26.57,21.93,23.03,27.51,23.63,27.51,25.16,27.01,25.95,25.43,20.80,27.44,24.90,26.51,27.46,24.02,21.55,24.11,24.04,24.19,24.67,23.78,23.68,27.25,23.71,23.96,24.27,27.40,22.25,22.86,21.94,27.46,24.35,23.78,24.42,24.28,24.38,25.38,24.27,23.64,24.80,22.54,24.28,27.58,22.95,27.18,24.07,23.34,24.11,23.99,27.50,27.58,23.80,27.51,24.19,23.55,27.42,23.77,23.27,22.63,27.57,21.88,23.05
1952,24.40,27.36,26.50,22.49,23.61,27.43,24.18,27.43,25.34,26.95,25.89,25.38,21.37,27.38,25.21,26.45,27.38,24.18,22.03,24.65,24.58,24.73,25.00,24.33,24.26,27.17,24.22,24.50,24.34,27.33,22.45,22.86,22.52,27.39,24.89,24.11,24.93,24.28,24.92,25.51,24.58,23.90,25.04,23.14,24.53,27.50,23.29,27.11,24.61,23.89,24.53,24.26,27.42,27.51,24.33,27.44,24.73,24.03,27.35,23.85,23.29,22.84,27.50,22.16,23.43
1953,24.37,27.40,26.58,22.31,23.46,27.46,24.11,27.47,25.36,27.03,25.95,25.45,21.18,27.40,25.19,26.52,27.44,24.17,21.89,24.61,24.47,24.66,24.95,24.27,24.17,27.26,24.14,24.45,24.35,27.37,22.43,22.90,22.33,27.46,24.84,24.05,24.88,24.34,24.79,25.51,24.49,23.89,25.06,22.95,24.52,27.54,23.24,27.19,24.56,23.73,24.48,24.24,27.46,27.53,24.19,27.47,24.60,23.92,27.38,23.87,23.32,22.82,27.54,22.15,23.36
1954,24.26,27.40,26.51,22.04,23.26,27.46,23.93,27.45,25.32,26.99,25.93,25.40,20.90,27.39,25.16,26.48,27.41,24.14,21.63,24.45,24.26,24.47,24.86,24.12,24.03,27.20,23.96,24.30,24.32,27.37,22.39,22.86,22.08,27.41,24.70,23.92,24.74,24.26,24.58,25.48,24.49,23.85,25.01,22.72,24.49,27.53,23.05,27.14,24.42,23.52,24.35,24.21,27.44,27.54,23.95,27.47,24.38,23.71,27.39,23.84,23.29,22.53,27.53,21.83,23.08
1955,24.00,27.07,26.28,21.94,23.12,27.22,23.74,27.20,25.10,26.69,25.58,25.17,20.82,27.16,24.88,26.21,27.09,23.86,21.45,24.24,24.06,24.26,24.51,23.91,23.83,26.94,23.73,24.09,24.11,27.06,22.10,22.60,21.99,27.12,24.49,23.55,24.53,24.07,24.38,25.27,24.09,23.58,24.76,22.64,24.16,27.28,22.72,26.82,24.21,23.34,24.07,23.90,27.17,27.28,23.76,27.17,24.18,23.48,27.07,23.55,22.95,22.15,27.25,21.49,22.83
1956,23.91,27.01,26.21,21.77,22.94,27.12,23.59,27.13,25.01,26.63,25.53,25.12,20.63,27.06,24.76,26.15,27.03,23.79,21.29,24.10,23.93,24.14,24.42,23.77,23.67,26.88,23.61,23.95,24.06,26.99,22.02,22.55,21.79,27.05,24.34,23.51,24.39,24.02,24.26,25.20,23.97,23.47,24.65,22.43,24.04,27.21,22.70,26.76,24.06,23.19,24.00,23.79,27.11,27.22,23.63,27.12,24.06,23.37,27.02,23.50,22.91,22.19,27.19,21.50,22.74
1957,24.22,27.56,26.65,21.87,23.08,27.62,23.77,27.60,25.21,27.11,26.05,25.49,20.73,27.58,25.00,26.59,27.58,24.07,21.44,24.27,24.10,24.30,24.82,23.93,23.85,27.33,23.82,24.11,24.30,27.54,22.32,22.92,21.89,27.57,24.52,23.93,24.58,24.29,24.44,25.43,24.36,23.72,24.87,22.54,24.37,27.69,23.01,27.30,24.23,23.35,24.26,24.09,27.59,27.68,23.79,27.63,24.23,23.59,27.56,23.83,23.34,22.51,27.70,21.72,22.94
1958,24.37,27.63,26.70,22.23,23.39,27.71,24.06,27.67,25.28,27.18,26.07,25.54,21.12,27.69,25.11,26.65,27.63,24.14,21.81,24.54,24.34,24.56,24.89,24.23,24.13,27.41,24.04,24.40,24.34,27.60,22.38,22.96,22.25,27.62,24.76,24.02,24.81,24.33,24.68,25.46,24.45,23.81,24.97,22.86,24.43,27.77,23.24,27.34,24.50,23.63,24.43,24.16,27.65,27.76,24.09,27.68,24.47,23.85,27.60,23.87,23.38,22.77,27.76,22.05,23.27
1959,24.36,27.63,26.70,22.11,23.28,27.70,23.95,27.66,25.36,27.20,26.14,25.56,20.98,27.66,25.19,26.67,27.65,24.23,21.63,24.46,24.28,24.48,24.94,24.13,24.03,27.41,23.98,24.30,24.40,27.60,22.49,23.02,22.14,27.64,24.69,24.07,24.75,24.36,24.60,25.56,24.53,23.90,25.05,22.77,24.51,27.75,23.17,27.38,24.42,23.54,24.41,24.23,27.65,27.74,23.98,27.69,24.40,23.76,27.62,23.97,23.47,22.65,27.75,21.88,23.07
1960,24.45,27.69,26.73,22.32,23.47,27.71,24.10,27.70,25.33,27.24,26.17,25.57,21.17,27.67,25.18,26.70,27.69,24.22,21.89,24.57,24.44,24.62,25.00,24.25,24.15,27.45,24.13,24.42,24.39,27.64,22.47,23.02,22.34,27.69,24.80,24.13,24.87,24.37,24.77,25.54,24.57,23.88,25.03,22.94,24.53,27.79,23.33,27.42,24.53,23.72,24.53,24.23,27.69,27.78,24.16,27.73,24.57,23.95,27.66,23.96,23.48,22.89,27.79,22.12,23.35
1961,24.32,27.45,26.57,22.26,23.41,27.50,24.04,27.50,25.33,27.03,25.97,25.43,21.13,27.44,25.12,26.53,27.46,24.16,21.81,24.48,24.37,24.54,24.85,24.18,24.09,27.26,24.02,24.34,24.31,27.41,22.40,22.89,22.28,27.47,24.71,23.94,24.75,24.26,24.70,25.50,24.40,23.83,25.01,22.90,24.44,27.59,23.17,27.19,24.45,23.67,24.38,24.17,27.48,27.58,24.11,27.51,24.50,23.84,27.43,23.86,23.31,22.65,27.59,21.93,23.21
1962,24.05,27.39,26.50,21.85,22.97,27.47,23.61,27.46,25.03,26.97,25.86,25.36,20.72,27.42,24.77,26.45,27.40,23.88,21.41,24.13,23.95,24.15,24.50,23.80,23.67,27.20,23.67,23.98,24.16,27.37,22.10,22.78,21.86,27.40,24.35,23.58,24.41,24.15,24.29,25.26,24.05,23.51,24.67,22.47,24.09,27.53,22.82,27.12,24.08,23.24,24.02,23.83,27.44,27.53,23.69,27.46,24.08,23.45,27.38,23.66,23.17,22.32,27.53,21.61,22.87
1963,24.15,27.36,26.48,22.19,23.29,27.48,23.87,27.42,25.07,26.92,25.81,25.33,21.10,27.44,24.82,26.42,27.37,23.87,21.76,24.33,24.20,24.38,24.57,24.03,23.94,27.16,23.85,24.19,24.14,27.34,22.09,22.73,22.21,27.37,24.57,23.71,24.60,24.12,24.55,25.27,24.13,23.55,24.73,22.84,24.13,27.52,23.04,27.06,24.30,23.52,24.17,23.87,27.40,27.52,23.99,27.43,24.35,23.71,27.35,23.61,23.11,22.49,27.51,21.82,23.15
1964,24.16,27.52,26.58,22.04,23.18,27.60,23.79,27.57,25.14,27.03,25.91,25.38,20.93,27.55,24.89,26.51,27.52,23.95,21.58,24.25,24.09,24.28,24.65,23.95,23.86,27.28,23.76,24.12,24.19,27.51,22.19,22.79,22.07,27.51,24.48,23.73,24.51,24.17,24.41,25.32,24.21,23.63,24.80,22.68,24.22,27.67,22.92,27.21,24.22,23.38,24.15,23.95,27.55,27.66,23.83,27.58,24.22,23.56,27.50,23.68,23.19,22.43,27.68,21.72,22.96
1965,24.28,27.45,26.58,22.22,23.36,27.51,24.00,27.52,25.24,27.03,25.95,25.41,21.10,27.46,25.06,26.52,27.46,24.08,21.71,24.48,24.30,24.50,24.85,24.17,24.08,27.25,23.99,24.34,24.28,27.43,22.32,22.86,22.24,27.47,24.71,23.96,24.75,24.24,24.61,25.43,24.38,23.78,24.93,22.87,24.40,27.59,23.12,27.20,24.45,23.59,24.37,24.12,27.50,27.58,24.02,27.52,24.42,23.76,27.44,23.82,23.30,22.57,27.59,21.81,23.10
1966,24.66,27.82,26.87,22.58,23.73,27.80,24.35,27.82,25.55,27.40,26.32,25.70,21.46,27.74,25.45,26.85,27.83,24.45,22.09,24.84,24.69,24.87,25.31,24.52,24.44,27.58,24.37,24.69,24.55,27.78,22.71,23.19,22.61,27.81,25.07,24.42,25.12,24.50,25.02,25.72,24.82,24.14,25.28,23.24,24.79,27.88,23.54,27.57,24.81,23.98,24.77,24.50,27.82,27.86,24.44,27.85,24.82,24.18,27.79,24.15,23.67,23.06,27.92,22.28,23.51
1967,23.94,27.34,26.46,21.66,22.79,27.39,23.44,27.41,24.93,26.91,25.81,25.30,20.55,27.35,24.60,26.40,27.35,23.80,21.23,23.90,23.77,23.95,24.39,23.59,23.50,27.14,23.46,23.76,24.08,27.31,22.01,22.71,21.66,27.35,24.15,23.52,24.19,24.10,24.12,25.19,23.93,23.38,24.54,22.27,23.93,27.47,22.73,27.06,23.87,23.06,23.87,23.67,27.39,27.47,23.52,27.41,23.92,23.29,27.33,23.58,23.10,22.31,27.49,21.55,22.72
1968,24.22,27.64,26.71,21.94,23.09,27.61,23.76,27.66,25.17,27.18,26.09,25.53,20.83,27.55,24.92,26.66,27.65,24.05,21.49,24.25,24.06,24.27,24.74,23.92,23.82,27.42,23.78,24.10,24.27,27.59,22.27,22.96,21.95,27.64,24.45,23.85,24.52,24.30,24.38,25.38,24.29,23.66,24.81,22.54,24.27,27.72,23.01,27.36,24.19,23.34,24.20,23.99,27.66,27.72,23.79,27.68,24.18,23.57,27.61,23.83,23.39,22.55,27.75,21.73,22.95
1969,24.40,27.87,26.88,22.13,23.24,27.84,23.89,27.84,25.29,27.37,26.27,25.70,21.01,27.78,25.03,26.84,27.86,24.19,21.74,24.37,24.26,24.44,24.91,24.03,23.92,27.60,23.94,24.21,24.40,27.82,22.41,23.11,22.12,27.84,24.58,24.05,24.65,24.44,24.61,25.52,24.42,23.79,24.93,22.69,24.40,27.92,23.20,27.56,24.30,23.56,24.38,24.11,27.84,27.90,24.02,27.88,24.41,23.79,27.83,23.97,23.53,22.81,27.95,22.04,23.23
1970,24.16,27.62,26.64,21.83,22.99,27.64,23.67,27.63,25.10,27.12,26.03,25.46,20.69,27.61,24.86,26.59,27.62,23.98,21.41,24.14,24.02,24.19,24.72,23.84,23.73,27.36,23.69,24.02,24.19,27.59,22.22,22.88,21.83,27.59,24.37,23.81,24.40,24.21,24.36,25.32,24.22,23.60,24.76,22.44,24.22,27.72,22.93,27.31,24.11,23.29,24.14,23.93,27.62,27.71,23.75,27.66,24.16,23.52,27.60,23.76,23.29,22.54,27.73,21.75,22.94
1971,23.75,27.13,26.27,21.58,22.71,27.26,23.31,27.24,24.72,26.67,25.54,25.10,20.46,27.20,24.43,26.18,27.14,23.53,21.13,23.80,23.66,23.85,24.19,23.47,23.38,26.96,23.34,23.65,23.85,27.13,21.75,22.47,21.59,27.16,24.06,23.30,24.08,23.89,23.98,24.95,23.71,23.16,24.34,22.23,23.73,27.32,22.48,26.83,23.77,22.94,23.72,23.48,27.21,27.32,23.39,27.22,23.79,23.13,27.13,23.30,22.81,22.02,27.30,21.29,22.57
1972,24.29,27.63,26.71,22.06,23.23,27.68,23.88,27.66,25.21,27.16,26.08,25.52,20.94,27.65,24.97,26.65,27.63,24.10,21.64,24.36,24.21,24.40,24.83,24.05,23.94,27.39,23.89,24.22,24.31,27.61,22.33,22.95,22.07,27.63,24.58,23.98,24.63,24.30,24.55,25.42,24.36,23.73,24.87,22.69,24.34,27.74,23.10,27.34,24.32,23.49,24.30,24.05,27.65,27.73,23.94,27.68,24.35,23.71,27.60,23.85,23.38,22.68,27.76,21.89,23.12
1973,24.56,27.75,26.82,22.49,23.62,27.80,24.25,27.79,25.48,27.30,26.23,25.66,21.35,27.75,25.33,26.78,27.76,24.34,22.03,24.75,24.60,24.79,25.13,24.42,24.31,27.53,24.29,24.60,24.51,27.73,22.58,23.12,22.50,27.76,24.98,24.22,25.04,24.49,24.93,25.65,24.66,24.03,25.19,23.11,24.65,27.87,23.38,27.48,24.71,23.88,24.64,24.37,27.78,27.88,24.34,27.81,24.73,24.06,27.73,24.06,23.55,22.88,27.88,22.17,23.46
1974,23.98,27.32,26.47,21.80,22.93,27.42,23.55,27.39,24.94,26.87,25.75,25.28,20.67,27.36,24.64,26.38,27.32,23.77,21.33,24.05,23.88,24.08,24.46,23.73,23.63,27.15,23.58,23.90,24.06,27.31,22.00,22.68,21.80,27.35,24.31,23.56,24.33,24.09,24.21,25.17,23.99,23.40,24.57,22.42,23.98,27.49,22.74,27.02,24.02,23.17,23.97,23.71,27.37,27.49,23.62,27.39,24.01,23.36,27.31,23.54,23.06,22.30,27.48,21.54,22.77
1975,24.24,27.43,26.54,22.12,23.25,27.44,23.89,27.48,25.18,27.01,25.91,25.40,21.00,27.34,24.95,26.49,27.45,24.03,21.69,24.38,24.23,24.42,24.79,24.05,23.95,27.23,23.92,24.23,24.26,27.39,22.26,22.84,22.12,27.45,24.60,23.92,24.66,24.23,24.57,25.39,24.30,23.69,24.85,22.72,24.29,27.54,23.14,27.16,24.33,23.50,24.31,24.02,27.47,27.53,23.97,27.50,24.37,23.74,27.42,23.78,23.26,22.71,27.57,22.00,23.17
1976,23.98,27.36,26.48,21.62,22.76,27.39,23.43,27.42,25.01,26.93,25.84,25.32,20.47,27.31,24.76,26.42,27.37,23.87,21.17,23.98,23.79,24.01,24.55,23.60,23.49,27.16,23.54,23.80,24.12,27.32,22.10,22.75,21.61,27.38,24.22,23.66,24.28,24.13,24.13,25.23,24.09,23.49,24.65,22.22,24.09,27.47,22.68,27.09,23.91,23.06,23.98,23.81,27.41,27.46,23.50,27.42,23.92,23.26,27.34,23.63,23.16,22.27,27.49,21.47,22.65
1977,24.32,27.66,26.74,22.11,23.27,27.69,23.91,27.70,25.44,27.21,26.14,25.58,20.98,27.65,25.18,26.70,27.67,24.28,21.59,24.39,24.21,24.41,24.90,24.08,23.98,27.44,23.90,24.25,24.42,27.63,22.54,23.03,22.14,27.67,24.65,23.90,24.66,24.37,24.52,25.61,24.49,23.95,25.09,22.77,24.53,27.76,22.89,27.40,24.37,23.50,24.32,24.25,27.69,27.75,23.92,27.71,24.33,23.59,27.63,23.98,23.47,22.33,27.78,21.51,22.93
1978,24.42,27.82,26.86,22.16,23.31,27.80,23.94,27.82,25.35,27.35,26.27,25.67,21.04,27.77,25.14,26.82,27.82,24.26,21.70,24.41,24.28,24.46,24.98,24.11,24.03,27.56,23.95,24.28,24.43,27.77,22.50,23.11,22.19,27.81,24.66,24.08,24.68,24.43,24.61,25.56,24.55,23.88,25.02,22.81,24.52,27.88,23.21,27.53,24.39,23.57,24.36,24.21,27.82,27.88,24.02,27.86,24.41,23.79,27.79,24.02,23.58,22.77,27.91,21.99,23.18
1979,24.70,28.06,27.06,22.43,23.59,27.98,24.24,28.02,25.59,27.61,26.56,25.90,21.31,27.96,25.43,27.05,28.05,24.54,21.99,24.71,24.58,24.76,25.28,24.41,24.30,27.79,24.25,24.58,24.66,28.02,22.78,23.38,22.45,28.03,24.92,24.41,24.98,24.66,24.92,25.79,24.79,24.16,25.28,23.05,24.79,28.07,23.58,27.80,24.67,23.85,24.66,24.49,28.03,28.07,24.31,28.06,24.72,24.12,28.02,24.31,23.89,23.17,28.11,22.41,23.51
1980,24.67,27.81,26.85,22.65,23.78,27.81,24.41,27.81,25.57,27.36,26.29,25.69,21.53,27.76,25.42,26.82,27.81,24.45,22.16,24.83,24.76,24.91,25.28,24.53,24.47,27.56,24.37,24.68,24.54,27.78,22.73,23.16,22.66,27.80,25.04,24.42,25.10,24.50,25.10,25.73,24.78,24.14,25.27,23.26,24.77,27.88,23.63,27.54,24.79,24.06,24.75,24.48,27.81,27.86,24.51,27.83,24.90,24.26,27.77,24.15,23.63,23.17,27.90,22.43,23.61
1981,24.30,27.32,26.46,22.50,23.58,27.49,24.13,27.43,25.16,26.88,25.73,25.28,21.38,27.45,24.96,26.38,27.33,23.95,22.04,24.60,24.53,24.69,24.75,24.27,24.18,27.14,24.17,24.44,24.17,27.30,22.19,22.70,22.51,27.34,24.82,23.91,24.88,24.14,24.87,25.34,24.23,23.67,24.86,23.10,24.25,27.54,23.27,27.01,24.55,23.86,24.44,23.98,27.39,27.55,24.31,27.41,24.67,24.02,27.31,23.64,23.06,22.78,27.50,22.17,23.44
1982,24.24,27.31,26.47,22.32,23.41,27.48,23.99,27.43,25.15,26.90,25.80,25.32,21.20,27.45,24.93,26.41,27.33,23.97,21.87,24.46,24.38,24.54,24.71,24.15,24.06,27.15,24.01,24.32,24.21,27.30,22.21,22.76,22.34,27.34,24.68,23.86,24.72,24.18,24.73,25.34,24.22,23.64,24.81,22.94,24.25,27.54,23.18,27.04,24.42,23.71,24.33,23.98,27.40,27.54,24.16,27.41,24.54,23.89,27.32,23.69,23.15,22.65,27.52,21.97,23.27
1983,24.39,27.68,26.81,22.23,23.32,27.80,23.93,27.74,25.32,27.25,26.17,25.64,21.11,27.76,25.06,26.75,27.69,24.17,21.79,24.41,24.33,24.49,24.82,24.07,23.97,27.48,24.00,24.24,24.44,27.64,22.39,23.07,22.23,27.69,24.65,23.97,24.69,24.46,24.68,25.55,24.37,23.81,24.98,22.83,24.39,27.85,23.25,27.42,24.36,23.63,24.35,24.12,27.72,27.85,24.09,27.74,24.48,23.87,27.66,23.95,23.46,22.74,27.83,22.04,23.25
1984,24.06,27.32,26.45,21.90,23.00,27.41,23.64,27.40,24.98,26.89,25.83,25.31,20.76,27.35,24.65,26.40,27.33,23.84,21.51,24.14,24.02,24.22,24.45,23.80,23.67,27.13,23.72,23.99,24.13,27.29,22.06,22.74,21.88,27.34,24.33,23.64,24.41,24.12,24.39,25.23,23.93,23.43,24.60,22.42,23.98,27.47,23.01,27.05,24.07,23.32,24.08,23.71,27.38,27.47,23.80,27.40,24.16,23.60,27.30,23.62,23.14,22.62,27.45,21.91,23.03
1985,24.13,27.35,26.49,22.02,23.11,27.46,23.72,27.43,25.06,26.93,25.85,25.34,20.91,27.42,24.76,26.43,27.37,23.90,21.59,24.20,24.13,24.29,24.55,23.86,23.76,27.17,23.79,24.04,24.17,27.33,22.11,22.78,22.01,27.37,24.43,23.71,24.47,24.18,24.49,25.28,24.08,23.52,24.69,22.61,24.10,27.53,23.06,27.08,24.15,23.43,24.12,23.83,27.41,27.53,23.90,27.44,24.29,23.69,27.36,23.67,23.17,22.60,27.52,21.89,23.09
1986,24.27,27.43,26.56,22.30,23.40,27.56,24.00,27.51,25.16,26.99,25.87,25.39,21.18,27.52,24.96,26.49,27.44,23.99,21.84,24.47,24.37,24.53,24.74,24.17,24.07,27.23,24.02,24.34,24.21,27.40,22.21,22.80,22.31,27.44,24.68,23.87,24.73,24.19,24.70,25.36,24.27,23.67,24.84,22.91,24.29,27.62,23.19,27.12,24.44,23.68,24.33,24.01,27.48,27.61,24.13,27.50,24.51,23.87,27.41,23.72,23.19,22.67,27.61,22.00,23.28
1987,24.93,28.11,27.07,23.03,24.12,28.11,24.70,28.04,25.73,27.59,26.52,25.85,21.91,28.07,25.66,27.04,28.10,24.62,22.56,25.14,25.11,25.24,25.51,24.85,24.76,27.82,24.70,25.02,24.68,28.05,22.90,23.33,23.05,28.07,25.34,24.62,25.40,24.64,25.45,25.87,25.05,24.34,25.48,23.66,25.02,28.14,23.90,27.80,25.10,24.43,25.01,24.71,28.05,28.12,24.88,28.10,25.26,24.60,28.06,24.32,23.81,23.37,28.14,22.66,23.96
1988,24.54,27.91,26.94,22.33,23.44,27.97,24.10,27.90,25.38,27.42,26.34,25.72,21.19,27.95,25.19,26.89,27.91,24.29,21.96,24.56,24.51,24.65,25.02,24.24,24.12,27.65,24.16,24.41,24.47,27.87,22.54,23.16,22.32,27.91,24.77,24.15,24.83,24.48,24.86,25.59,24.54,23.93,25.08,22.88,24.56,27.99,23.44,27.64,24.51,23.80,24.54,24.26,27.90,27.96,24.26,27.93,24.66,24.04,27.87,24.07,23.62,23.07,28.00,22.32,23.50
1989,24.57,27.93,26.98,22.27,23.47,27.93,24.10,27.92,25.58,27.48,26.41,25.80,21.14,27.87,25.37,26.94,27.93,24.48,21.81,24.60,24.46,24.65,25.12,24.27,24.17,27.70,24.15,24.45,24.62,27.88,22.72,23.27,22.32,27.93,24.85,24.19,24.89,24.59,24.80,25.78,24.71,24.11,25.25,22.96,24.73,27.99,23.35,27.66,24.57,23.68,24.53,24.44,27.92,27.97,24.13,27.95,24.59,23.94,27.89,24.21,23.73,22.85,28.01,22.10,23.32
1990,24.86,28.29,27.26,22.56,23.75,28.29,24.37,28.24,25.83,27.78,26.72,26.05,21.44,28.25,25.68,27.23,28.29,24.74,22.06,24.89,24.75,24.93,25.46,24.55,24.47,28.02,24.42,24.74,24.84,28.26,22.98,23.53,22.63,28.26,25.14,24.51,25.19,24.82,25.06,26.01,25.04,24.41,25.54,23.25,25.06,28.32,23.58,28.01,24.85,23.99,24.82,24.75,28.25,28.28,24.39,28.30,24.88,24.18,28.24,24.48,24.02,23.05,28.35,22.27,23.52
1991,24.89,28.18,27.17,22.62,23.80,28.19,24.48,28.13,25.83,27.71,26.66,25.99,21.48,28.16,25.73,27.16,28.18,24.74,22.16,24.99,24.83,25.02,25.59,24.64,24.53,27.91,24.53,24.83,24.82,28.15,23.01,23.49,22.62,28.16,25.19,24.70,25.26,24.79,25.14,25.98,25.13,24.44,25.57,23.26,25.09,28.24,23.72,27.92,24.92,24.09,24.97,24.79,28.14,28.23,24.54,28.18,24.95,24.30,28.12,24.47,24.00,23.28,28.25,22.47,23.65
1992,24.50,28.06,27.08,22.02,23.16,28.12,23.84,28.04,25.51,27.57,26.50,25.89,20.87,28.09,25.28,27.04,28.04,24.43,21.58,24.39,24.26,24.46,25.04,23.99,23.89,27.80,23.98,24.20,24.64,28.03,22.65,23.34,22.00,28.03,24.59,24.08,24.69,24.65,24.61,25.74,24.61,24.03,25.17,22.63,24.62,28.15,23.15,27.77,24.29,23.52,24.40,24.33,28.04,28.12,23.99,28.07,24.40,23.75,28.01,24.23,23.79,22.67,28.16,21.89,23.10
1993,24.57,27.91,26.96,22.22,23.36,27.98,24.05,27.91,25.56,27.48,26.42,25.80,21.08,27.95,25.36,26.94,27.91,24.46,21.80,24.58,24.45,24.65,25.14,24.19,24.08,27.67,24.17,24.39,24.63,27.88,22.68,23.28,22.21,27.90,24.75,24.24,24.86,24.61,24.79,25.77,24.71,24.10,25.24,22.80,24.70,28.02,23.34,27.66,24.47,23.71,24.57,24.42,27.91,27.99,24.17,27.94,24.59,23.93,27.88,24.22,23.74,22.91,28.02,22.13,23.30
1994,24.77,28.05,27.07,22.59,23.71,28.06,24.36,28.02,25.70,27.56,26.51,25.86,21.44,28.03,25.56,27.02,28.05,24.59,22.14,24.87,24.75,24.95,25.34,24.49,24.38,27.80,24.45,24.69,24.71,28.01,22.84,23.36,22.56,28.04,25.01,24.44,25.14,24.69,25.09,25.88,24.88,24.28,25.42,23.16,24.89,28.11,23.59,27.78,24.75,24.02,24.83,24.61,28.03,28.10,24.49,28.07,24.88,24.22,28.01,24.35,23.85,23.16,28.12,22.43,23.62
1995,24.55,28.00,27.02,22.20,23.31,28.06,23.99,27.99,25.48,27.53,26.46,25.85,21.06,28.03,25.23,26.99,27.99,24.37,21.79,24.54,24.42,24.62,25.04,24.13,24.01,27.74,24.16,24.35,24.61,27.96,22.57,23.31,22.17,27.97,24.69,24.16,24.82,24.62,24.76,25.72,24.57,23.97,25.13,22.73,24.58,28.10,23.36,27.72,24.41,23.67,24.54,24.31,27.99,28.06,24.16,28.03,24.54,23.92,27.96,24.18,23.74,22.98,28.10,22.22,23.34
1996,24.33,27.70,26.75,22.15,23.27,27.81,23.89,27.72,25.25,27.20,26.10,25.54,21.02,27.79,25.02,26.67,27.70,24.11,21.71,24.38,24.28,24.47,24.79,24.02,23.91,27.45,23.98,24.21,24.33,27.68,22.33,22.97,22.15,27.69,24.52,23.90,24.65,24.34,24.63,25.46,24.29,23.75,24.93,22.70,24.33,27.83,23.12,27.40,24.27,23.56,24.35,24.06,27.71,27.82,24.04,27.75,24.42,23.76,27.68,23.88,23.36,22.72,27.81,21.98,23.16
1997,24.74,28.10,27.12,22.48,23.63,28.11,24.26,28.08,25.71,27.65,26.56,25.93,21.33,28.09,25.52,27.09,28.09,24.59,21.99,24.81,24.65,24.86,25.35,24.44,24.31,27.84,24.36,24.64,24.75,28.04,22.84,23.41,22.48,28.07,24.99,24.44,25.08,24.72,24.97,25.89,24.90,24.25,25.39,23.07,24.88,28.17,23.51,27.83,24.72,23.92,24.79,24.58,28.08,28.15,24.36,28.11,24.77,24.12,28.06,24.33,23.86,23.01,28.18,22.21,23.45
1998,25.42,28.64,27.55,23.34,24.48,28.60,25.15,28.56,26.20,28.16,27.11,26.34,22.21,28.57,26.19,27.56,28.63,25.10,22.90,25.63,25.54,25.71,26.10,25.28,25.15,28.34,25.20,25.47,25.14,28.59,23.40,23.86,23.32,28.60,25.80,25.21,25.88,25.10,25.88,26.32,25.58,24.88,25.99,23.88,25.56,28.67,24.40,28.38,25.54,24.81,25.60,25.26,28.58,28.65,25.28,28.63,25.68,25.04,28.59,24.84,24.37,23.92,28.70,23.16,24.38
1999,24.55,27.61,26.69,22.68,23.76,27.71,24.36,27.66,25.43,27.16,26.07,25.52,21.57,27.65,25.25,26.64,27.61,24.25,22.23,24.85,24.77,24.94,25.05,24.51,24.39,27.39,24.42,24.70,24.42,27.57,22.51,22.98,22.67,27.60,24.98,24.17,25.09,24.38,25.11,25.60,24.55,23.96,25.12,23.23,24.56,27.77,23.50,27.32,24.75,24.07,24.70,24.29,27.63,27.77,24.54,27.66,24.91,24.24,27.58,23.94,23.38,23.06,27.75,22.41,23.65
2000,24.49,27.86,26.89,22.24,23.45,27.95,24.15,27.87,25.46,27.37,26.29,25.70,21.08,27.91,25.25,26.84,27.86,24.33,21.73,24.69,24.42,24.69,25.02,24.33,24.21,27.60,24.21,24.53,24.49,27.82,22.58,23.14,22.25,27.84,24.86,24.12,24.96,24.49,24.74,25.65,24.56,23.99,25.14,22.84,24.57,27.98,23.25,27.57,24.60,23.68,24.58,24.28,27.86,27.99,24.12,27.90,24.53,23.86,27.83,24.07,23.55,22.75,27.96,21.98,23.18
2001,24.70,28.01,27.04,22.46,23.64,28.05,24.33,28.02,25.67,27.56,26.47,25.86,21.32,28.01,25.45,27.01,28.02,24.56,22.01,24.87,24.66,24.90,25.23,24.50,24.37,27.76,24.43,24.69,24.70,27.97,22.82,23.33,22.46,28.00,25.05,24.31,25.15,24.68,25.00,25.87,24.75,24.20,25.35,23.03,24.77,28.12,23.47,27.74,24.77,23.92,24.79,24.49,28.01,28.10,24.37,28.05,24.78,24.11,27.98,24.29,23.77,23.02,28.13,22.26,23.48
2002,24.82,28.19,27.17,22.73,23.89,28.28,24.53,28.18,25.70,27.66,26.55,25.91,21.58,28.28,25.56,27.11,28.18,24.59,22.24,25.01,24.84,25.04,25.36,24.70,24.56,27.91,24.52,24.87,24.71,28.15,22.86,23.38,22.74,28.16,25.23,24.42,25.26,24.69,25.18,25.86,24.84,24.29,25.43,23.31,24.88,28.32,23.59,27.88,24.97,24.14,24.92,24.60,28.17,28.29,24.59,28.21,24.98,24.29,28.15,24.34,23.84,23.11,28.34,22.38,23.66
2003,24.88,28.08,27.07,22.98,24.13,28.16,24.77,28.08,25.72,27.57,26.47,25.84,21.84,28.17,25.59,27.02,28.08,24.58,22.50,25.24,25.07,25.28,25.41,24.93,24.81,27.82,24.75,25.10,24.70,28.04,22.85,23.33,22.99,28.06,25.42,24.49,25.49,24.67,25.39,25.86,24.87,24.31,25.45,23.55,24.91,28.20,23.75,27.79,25.18,24.37,25.08,24.63,28.07,28.19,24.82,28.11,25.19,24.49,28.04,24.30,23.77,23.22,28.20,22.52,23.86
2004,24.59,28.13,27.12,22.35,23.49,28.13,24.14,28.09,25.55,27.60,26.48,25.88,21.21,28.11,25.26,27.06,28.13,24.46,21.84,24.68,24.46,24.70,25.03,24.31,24.18,27.85,24.24,24.50,24.67,28.08,22.68,23.34,22.34,28.10,24.85,24.12,24.95,24.68,24.78,25.78,24.54,24.04,25.20,22.92,24.59,28.18,23.27,27.81,24.58,23.74,24.59,24.32,28.10,28.15,24.19,28.14,24.57,23.89,28.09,24.25,23.75,22.76,28.21,22.00,23.27
2005,24.79,28.11,27.12,22.55,23.74,28.13,24.45,28.08,25.72,27.65,26.59,25.95,21.41,28.10,25.46,27.10,28.11,24.65,22.13,24.94,24.75,24.98,25.28,24.59,24.44,27.85,24.49,24.78,24.81,28.04,22.89,23.46,22.54,28.09,25.06,24.40,25.19,24.79,25.07,25.94,24.75,24.23,25.38,23.06,24.79,28.19,23.61,27.85,24.82,23.98,24.86,24.52,28.08,28.18,24.45,28.12,24.86,24.20,28.07,24.43,23.91,23.26,28.19,22.51,23.64
2006,24.91,28.11,27.12,22.86,24.01,28.11,24.66,28.08,25.83,27.65,26.57,25.95,21.73,28.07,25.63,27.10,28.10,24.73,22.40,25.18,24.99,25.22,25.44,24.83,24.71,27.84,24.71,25.02,24.86,28.03,22.98,23.46,22.86,28.08,25.36,24.53,25.43,24.81,25.32,26.02,24.90,24.37,25.52,23.43,24.94,28.17,23.74,27.83,25.10,24.27,25.06,24.67,28.08,28.17,24.73,28.11,25.11,24.43,28.05,24.46,23.89,23.29,28.18,22.58,23.83
2007,24.59,27.98,27.02,22.44,23.59,28.04,24.26,27.97,25.43,27.51,26.44,25.81,21.32,28.01,25.21,26.97,27.99,24.34,22.03,24.76,24.58,24.80,25.03,24.41,24.28,27.72,24.31,24.59,24.54,27.93,22.57,23.27,22.45,27.97,24.94,24.14,25.01,24.57,24.91,25.65,24.50,23.95,25.09,23.02,24.54,28.10,23.40,27.72,24.68,23.86,24.62,24.25,27.97,28.08,24.32,28.02,24.70,24.05,27.95,24.14,23.70,22.95,28.09,22.25,23.52
2008,24.16,27.72,26.80,21.86,22.96,27.87,23.61,27.77,25.07,27.23,26.11,25.57,20.72,27.84,24.69,26.72,27.73,23.95,21.42,24.13,23.94,24.18,24.44,23.76,23.61,27.50,23.71,23.95,24.29,27.68,22.14,22.97,21.83,27.73,24.31,23.63,24.41,24.33,24.28,25.34,23.91,23.48,24.67,22.38,23.99,27.89,22.97,27.42,24.03,23.23,24.07,23.73,27.75,27.88,23.69,27.78,24.06,23.48,27.71,23.79,23.35,22.63,27.85,21.90,22.94
2009,24.79,27.97,27.00,22.82,23.93,28.07,24.59,27.98,25.53,27.53,26.43,25.83,21.70,28.04,25.33,26.97,27.97,24.41,22.43,25.13,24.93,25.16,25.20,24.77,24.65,27.73,24.69,24.96,24.62,27.93,22.63,23.30,22.80,27.96,25.26,24.43,25.38,24.63,25.26,25.73,24.61,24.05,25.21,23.32,24.65,28.10,23.86,27.70,25.02,24.21,24.95,24.38,27.97,28.09,24.69,28.01,25.05,24.46,27.94,24.20,23.74,23.44,28.08,22.79,23.95
2010,25.04,28.43,27.38,22.80,23.94,28.47,24.65,28.37,25.79,27.94,26.89,26.16,21.66,28.46,25.59,27.37,28.41,24.75,22.41,25.19,25.00,25.24,25.54,24.81,24.66,28.13,24.78,25.02,24.89,28.38,22.97,23.67,22.76,28.39,25.32,24.78,25.45,24.90,25.34,26.00,24.95,24.34,25.47,23.28,24.96,28.50,24.06,28.16,25.07,24.26,25.15,24.66,28.38,28.49,24.73,28.42,25.12,24.54,28.38,24.57,24.17,23.73,28.50,22.94,23.98
2011,24.13,27.70,26.78,21.81,22.91,27.86,23.57,27.75,25.02,27.22,26.09,25.58,20.68,27.86,24.63,26.70,27.70,23.92,21.43,24.08,23.92,24.14,24.33,23.71,23.58,27.47,23.67,23.90,24.29,27.67,22.09,22.97,21.79,27.70,24.26,23.50,24.36,24.32,24.27,25.34,23.82,23.43,24.61,22.31,23.93,27.88,22.91,27.38,23.98,23.19,24.01,23.68,27.73,27.88,23.67,27.76,24.05,23.48,27.69,23.77,23.34,22.58,27.86,21.90,22.99
2012,24.90,28.31,27.30,22.46,23.66,28.29,24.42,28.26,25.81,27.86,26.81,26.13,21.30,28.24,25.56,27.29,28.31,24.76,22.07,24.97,24.71,24.99,25.44,24.59,24.42,28.04,24.54,24.80,24.93,28.25,22.98,23.63,22.44,28.28,25.12,24.62,25.23,24.93,25.06,26.04,24.89,24.34,25.48,22.97,24.93,28.34,23.76,28.07,24.85,23.95,24.97,24.64,28.27,28.33,24.43,28.31,24.83,24.24,28.26,24.56,24.11,23.43,28.37,22.64,23.66
2013,24.67,28.07,27.09,22.46,23.58,28.16,24.23,28.07,25.50,27.57,26.48,25.88,21.34,28.17,25.24,27.04,28.07,24.41,22.09,24.77,24.60,24.83,25.08,24.39,24.27,27.81,24.36,24.59,24.64,28.03,22.61,23.33,22.45,28.05,24.94,24.28,25.04,24.67,24.95,25.72,24.54,24.00,25.16,23.00,24.57,28.19,23.60,27.77,24.66,23.88,24.69,24.29,28.06,28.17,24.36,28.10,24.73,24.16,28.05,24.21,23.75,23.25,28.17,22.55,23.64
2014,24.90,28.16,27.17,22.85,23.92,28.22,24.55,28.15,25.80,27.68,26.59,25.99,21.72,28.23,25.53,27.14,28.14,24.66,22.41,25.04,24.92,25.10,25.39,24.70,24.59,27.89,24.61,24.88,24.83,28.12,22.89,23.47,22.79,28.12,25.26,24.55,25.33,24.80,25.29,26.00,24.84,24.30,25.47,23.37,24.87,28.26,23.81,27.86,24.98,24.24,25.02,24.59,28.15,28.25,24.71,28.19,25.07,24.46,28.13,24.42,23.90,23.34,28.25,22.63,23.84
2015,25.27,28.45,27.47,23.18,24.35,28.48,24.99,28.42,26.21,28.00,26.94,26.28,22.03,28.45,26.03,27.44,28.44,25.11,22.71,25.43,25.33,25.48,25.86,25.12,25.05,28.19,24.99,25.27,25.16,28.40,23.36,23.79,23.17,28.42,25.67,25.01,25.75,25.11,25.67,26.37,25.36,24.77,25.91,23.80,25.37,28.53,24.16,28.18,25.39,24.61,25.40,25.09,28.43,28.51,25.06,28.47,25.47,24.79,28.42,24.81,24.28,23.61,28.54,22.86,24.12
2016,25.20,28.70,27.61,22.89,23.97,28.72,24.62,28.63,26.09,28.19,27.10,26.38,21.74,28.71,25.90,27.60,28.70,25.03,22.44,25.17,25.07,25.26,25.74,24.77,24.66,28.39,24.78,24.97,25.11,28.66,23.27,23.85,22.82,28.66,25.40,24.86,25.49,25.10,25.44,26.28,25.30,24.68,25.79,23.40,25.30,28.76,24.03,28.40,25.08,24.30,25.21,24.99,28.64,28.72,24.78,28.69,25.22,24.60,28.65,24.79,24.35,23.56,28.80,22.79,23.96
2017,24.82,28.17,27.17,22.65,23.78,28.24,24.42,28.15,25.72,27.68,26.59,25.96,21.54,28.22,25.53,27.12,28.16,24.60,22.21,24.89,24.79,24.97,25.29,24.56,24.47,27.89,24.48,24.73,24.78,28.13,22.85,23.44,22.65,28.14,25.11,24.44,25.16,24.76,25.15,25.93,24.83,24.28,25.43,23.26,24.85,28.28,23.66,27.87,24.84,24.08,24.88,24.57,28.14,28.26,24.53,28.18,24.94,24.30,28.13,24.37,23.90,23.20,28.28,22.48,23.68
2018,24.80,28.18,27.21,22.60,23.70,28.25,24.33,28.17,25.73,27.71,26.63,26.02,21.48,28.24,25.53,27.18,28.19,24.64,22.13,24.82,24.72,24.88,25.29,24.47,24.38,27.93,24.41,24.65,24.79,28.13,22.88,23.47,22.58,28.17,25.07,24.42,25.14,24.79,25.07,25.94,24.81,24.29,25.43,23.19,24.86,28.29,23.59,27.90,24.77,24.01,24.84,24.58,28.17,28.29,24.46,28.21,24.86,24.20,28.15,24.39,23.91,23.11,28.27,22.39,23.58
2019,25.40,28.60,27.55,23.35,24.47,28.60,25.09,28.54,26.27,28.12,27.07,26.34,22.22,28.60,26.18,27.55,28.59,25.20,22.91,25.57,25.43,25.60,26.03,25.24,25.16,28.31,25.12,25.40,25.19,28.54,23.47,23.88,23.31,28.55,25.82,25.18,25.90,25.14,25.79,26.41,25.52,24.90,26.03,23.93,25.50,28.65,24.29,28.34,25.53,24.75,25.60,25.23,28.54,28.64,25.24,28.59,25.57,24.99,28.54,24.90,24.41,23.80,28.67,23.12,24.32
2020,25.22,28.47,27.43,23.06,24.24,28.52,24.87,28.42,26.07,28.01,26.96,26.21,21.91,28.50,25.97,27.43,28.46,25.01,22.59,25.37,25.25,25.43,25.82,25.02,24.93,28.19,24.94,25.20,25.05,28.43,23.28,23.74,23.08,28.44,25.59,24.97,25.67,25.00,25.61,26.24,25.34,24.70,25.81,23.71,25.30,28.54,24.14,28.22,25.31,24.48,25.40,25.02,28.43,28.51,24.94,28.47,25.39,24.75,28.43,24.74,24.26,23.65,28.55,22.87,24.07
2021,25.03,28.16,27.18,23.13,24.24,28.22,24.85,28.14,25.86,27.69,26.59,25.98,22.03,28.20,25.71,27.14,28.15,24.69,22.69,25.25,25.18,25.33,25.49,24.99,24.92,27.91,24.82,25.13,24.82,28.10,22.96,23.46,23.13,28.14,25.46,24.66,25.50,24.79,25.53,26.00,24.99,24.42,25.57,23.74,25.01,28.25,24.01,27.88,25.24,24.50,25.18,24.73,28.14,28.25,24.98,28.17,25.32,24.72,28.12,24.42,23.90,23.57,28.24,22.92,24.14
